{
  "main": {
    "id": "e7b9316878af5e9f",
    "type": "split",
    "children": [
      {
        "id": "52fb78d12172d2a1",
        "type": "tabs",
        "children": [
          {
            "id": "3197221c65aa78a3",
            "type": "leaf",
            "state": {
              "type": "markdown",
              "state": {
                "file": "Obsidian/Начало работы с базой знаний в Obsidian.md",
                "mode": "source",
                "source": false
              }
            }
          }
        ]
      }
    ],
    "direction": "vertical"
  },
  "left": {
    "id": "859cd9c37de8a493",
    "type": "split",
    "children": [
      {
        "id": "ba695ce607a8ec41",
        "type": "tabs",
        "children": [
          {
            "id": "7cc49af18bc1f2b9",
            "type": "leaf",
            "state": {
              "type": "file-explorer",
              "state": {
                "sortOrder": "alphabetical"
              }
            }
          },
          {
            "id": "4092f16b4494efc9",
            "type": "leaf",
            "state": {
              "type": "search",
              "state": {
                "query": "",
                "matchingCase": false,
                "explainSearch": false,
                "collapseAll": false,
                "extraContext": false,
                "sortOrder": "alphabetical"
              }
            }
          },
          {
            "id": "387c6549a341925b",
            "type": "leaf",
            "state": {
              "type": "bookmarks",
              "state": {}
            }
          }
        ]
      }
    ],
    "direction": "horizontal",
    "width": 503.5
  },
  "right": {
    "id": "f3f4192c95ca329d",
    "type": "split",
    "children": [
      {
        "id": "283805949ababe6a",
        "type": "tabs",
        "children": [
          {
            "id": "92452bf0cfd35c42",
            "type": "leaf",
            "state": {
              "type": "backlink",
              "state": {
                "file": "Obsidian/Начало работы с базой знаний в Obsidian.md",
                "collapseAll": false,
                "extraContext": false,
                "sortOrder": "alphabetical",
                "showSearch": false,
                "searchQuery": "",
                "backlinkCollapsed": false,
                "unlinkedCollapsed": true
              }
            }
          },
          {
            "id": "9968132cfc2ae2f6",
            "type": "leaf",
            "state": {
              "type": "outgoing-link",
              "state": {
                "file": "Obsidian/Начало работы с базой знаний в Obsidian.md",
                "linksCollapsed": false,
                "unlinkedCollapsed": true
              }
            }
          },
          {
            "id": "087ada2a6d4172fc",
            "type": "leaf",
            "state": {
              "type": "tag",
              "state": {
                "sortOrder": "frequency",
                "useHierarchy": true
              }
            }
          },
          {
            "id": "da6866b037805003",
            "type": "leaf",
            "state": {
              "type": "outline",
              "state": {
                "file": "Obsidian/Начало работы с базой знаний в Obsidian.md"
              }
            }
          }
        ]
      }
    ],
    "direction": "horizontal",
    "width": 300
  },
  "left-ribbon": {
    "hiddenItems": {
      "switcher:Open quick switcher": false,
      "graph:Open graph view": false,
      "canvas:Create new canvas": false,
      "daily-notes:Open today's daily note": false,
      "templates:Insert template": false,
      "command-palette:Open command palette": false,
      "markdown-table-editor:Open Markdown Table Editor": false
    }
  },
  "active": "3197221c65aa78a3",
  "lastOpenFiles": [
    "assets/Pasted image 20230605195438.png",
    "Obsidian/Obsidian.md",
    "QtQML/QtQML.md",
    "Linux/Docker для Open Street Map сервера.md",
    "Obsidian/Начало работы с базой знаний в Obsidian.md",
    "assets/Pasted image 20230605192934.png",
    "assets/Pasted image 20230605193402.png",
    "Linux/RT ядро Linux/Установка RT ядра Linux (PREEMPT_RT).md",
    "CMake/CMake.md",
    "Docker/Изменить директорию образов докера.md",
    "CMake/Переключение на более новую версию cmake.md",
    "Linux/RT ядро Linux/Сравнение Latency для RT и Non-RT ядер.md",
    "Linux/Как сделать общий том для Windows и Linux.md",
    "Linux/RT ядро Linux/RT ядро Linux.md",
    "Untitled.md",
    "QtQML/Добавление ros_qtc_plugin в Qt Creator.md",
    "Docker/Docker.md",
    "Linux/Linux.md",
    "Ros/Ros.md",
    "Ros2/Ros2.md",
    "Ros/Создание моделей для ROS из Solidworks.md",
    "Ros2/Переключение между установленными дистрибутивами ros1 и ros2.md",
    "assets/UR10_first_and_second_joint/UR10_first_and_second_joint.md",
    "CAD_to_ROS_Img/CAD_to_ROS_Img.md",
    "Ros/Фикс Xacro парсера под Melodic.md",
    "Ros/Сборка aubo_driver пакета под ROS Melodic.md",
    "assets/UR10_first_and_second_joint/config/config.md",
    "assets/CAD_to_ROS_Img.md",
    "assets/2.png",
    "assets/1.png",
    "assets/9.png",
    "assets/12.png",
    "assets/14.png",
    "tewt",
    "Linux/TESt",
    "Obsidian",
    "Markdown/markdown_cheat_sheet.png",
    "assets/rt_host_100payload_plot.png",
    "assets/rt_host_0payload_plot.png",
    "assets"
  ]
}